CustomerID,Tenure,PhoneService_Numeric,Contract_Numeric,PaymentMethod_Numeric,MonthlyCharges,TotalCharges,Churn_Numeric,MonthlyChargesPerTenure,LogTotalCharges
3668-QPYBK,2,1,0,1,53.85,108.15,1,26.925,4.683519152399068
7795-CFOCW,45,0,1,2,42.3,1840.75,0,0.94,7.517928376248826
1452-KIOVK,22,1,0,3,89.1,1949.4,0,4.05,7.57527691190311
7892-POOKP,28,1,0,0,104.8,3046.05,1,3.742857142857143,8.021600948290835
6388-TABGU,62,1,1,2,56.15,3487.95,0,0.9056451612903226,8.157069450063739
